{
    "epoch": 4.939271255060729,
    "total_flos": 1.4820571916090573e+17,
    "train_loss": 0.10036848306839095,
    "train_runtime": 8732.591,
    "train_samples_per_second": 0.141,
    "train_steps_per_second": 0.035
}